date_and_time,lat,lon,speed
04-12-14 10:44:26.591,59.345032,18.054822,0
04-12-14 10:44:27.591,59.345015,18.054897,0
04-12-14 10:44:28.591,59.345013,18.054905,0
04-12-14 10:44:29.591,59.34502,18.054885,0
04-12-14 10:44:30.591,59.345018,18.054892,0
04-12-14 10:44:31.591,59.345018,18.054898,0
04-12-14 10:44:32.591,59.345022,18.0549,3
04-12-14 10:44:33.591,59.345032,18.0549,5
04-12-14 10:44:34.591,59.345043,18.054897,5
04-12-14 10:44:35.591,59.345055,18.054892,4
04-12-14 10:44:36.591,59.345063,18.054885,3
04-12-14 10:44:37.591,59.345072,18.054877,4
04-12-14 10:44:38.590,59.34508,18.054867,5
04-12-14 10:44:39.590,59.34509,18.054857,5
04-12-14 10:44:40.590,59.3451,18.054847,3
04-12-14 10:44:41.590,59.345105,18.054838,2
04-12-14 10:44:42.590,59.345113,18.054832,3
04-12-14 10:44:43.590,59.34512,18.054825,4
04-12-14 10:44:44.590,59.34513,18.054813,5
04-12-14 10:44:45.590,59.345142,18.054798,5
04-12-14 10:44:46.590,59.345153,18.054787,5
04-12-14 10:44:47.590,59.345165,18.054778,5
04-12-14 10:44:48.590,59.345178,18.054772,6
04-12-14 10:44:49.590,59.34519,18.054767,6
04-12-14 10:44:50.590,59.345203,18.054765,6
04-12-14 10:44:51.590,59.345215,18.05476,6
04-12-14 10:44:52.589,59.345228,18.054753,6
04-12-14 10:44:53.589,59.345242,18.054747,6
04-12-14 10:44:54.589,59.345253,18.05474,6
04-12-14 10:44:55.589,59.345265,18.054728,5
04-12-14 10:44:56.589,59.345275,18.054715,6
04-12-14 10:44:57.589,59.345288,18.054703,5
04-12-14 10:44:58.589,59.345302,18.054692,5
04-12-14 10:44:59.589,59.345313,18.054677,5
04-12-14 10:45:00.589,59.345327,18.054655,5
04-12-14 10:45:01.589,59.345343,18.054615,4
04-12-14 10:45:02.589,59.34536,18.054563,3
04-12-14 10:45:03.589,59.345375,18.054513,2
04-12-14 10:45:04.589,59.345385,18.054467,1
04-12-14 10:45:05.588,59.345393,18.05443,0
04-12-14 10:45:06.588,59.3454,18.0544,0
04-12-14 10:45:07.588,59.345407,18.054368,2
04-12-14 10:45:08.588,59.345418,18.054333,4
04-12-14 10:45:09.588,59.345432,18.054297,6
04-12-14 10:45:10.588,59.345448,18.054265,6
04-12-14 10:45:11.588,59.345468,18.054242,7
04-12-14 10:45:12.588,59.345488,18.05422,7
04-12-14 10:45:13.588,59.345507,18.054197,7
04-12-14 10:45:14.588,59.345525,18.054168,7
04-12-14 10:45:15.588,59.345543,18.05414,6
04-12-14 10:45:16.588,59.34556,18.054115,7
04-12-14 10:45:17.588,59.345578,18.05409,7
04-12-14 10:45:18.588,59.345595,18.054067,6
04-12-14 10:45:19.587,59.345612,18.054042,7
04-12-14 10:45:20.587,59.345628,18.054017,6
04-12-14 10:45:21.587,59.345643,18.053997,6
04-12-14 10:45:22.587,59.34566,18.053975,6
04-12-14 10:45:23.587,59.345677,18.053955,7
04-12-14 10:45:24.587,59.345693,18.053933,7
04-12-14 10:45:25.587,59.34571,18.053918,7
04-12-14 10:45:26.587,59.345727,18.053902,7
04-12-14 10:45:27.587,59.345743,18.053885,7
04-12-14 10:45:28.587,59.345758,18.053867,7
04-12-14 10:45:29.587,59.345773,18.053848,6
04-12-14 10:45:30.587,59.34579,18.053833,6
04-12-14 10:45:31.587,59.345805,18.053818,6
04-12-14 10:45:32.587,59.34582,18.053803,6
04-12-14 10:45:33.586,59.345833,18.053788,6
04-12-14 10:45:34.586,59.345847,18.053772,6
04-12-14 10:45:35.586,59.34586,18.053757,6
04-12-14 10:45:36.586,59.345873,18.053742,6
04-12-14 10:45:37.586,59.345887,18.053727,6
04-12-14 10:45:38.586,59.3459,18.05371,6
04-12-14 10:45:39.586,59.345913,18.053697,6
04-12-14 10:45:40.586,59.345927,18.053682,6
04-12-14 10:45:41.586,59.34594,18.053667,6
04-12-14 10:45:42.586,59.345953,18.053652,6
04-12-14 10:45:43.586,59.345967,18.053638,6
04-12-14 10:45:44.586,59.345978,18.053625,6
04-12-14 10:45:45.586,59.345992,18.053613,6
04-12-14 10:45:46.586,59.346005,18.053603,6
04-12-14 10:45:47.585,59.346018,18.053592,6
04-12-14 10:45:48.585,59.346032,18.053577,6
04-12-14 10:45:49.585,59.346045,18.05356,6
04-12-14 10:45:50.585,59.346058,18.053545,6
04-12-14 10:45:51.585,59.346072,18.053532,6
04-12-14 10:45:52.585,59.346087,18.053522,6
04-12-14 10:45:53.585,59.346102,18.053513,6
04-12-14 10:45:54.585,59.346117,18.053507,6
04-12-14 10:45:55.585,59.346133,18.053498,6
04-12-14 10:45:56.585,59.346148,18.053488,6
04-12-14 10:45:57.585,59.346165,18.053478,6
04-12-14 10:45:58.585,59.346182,18.053465,6
04-12-14 10:45:59.585,59.346198,18.053453,6
04-12-14 10:46:00.585,59.346215,18.053442,6
04-12-14 10:46:01.584,59.34623,18.05343,6
04-12-14 10:46:02.584,59.346245,18.053417,6
04-12-14 10:46:03.584,59.346258,18.053403,6
04-12-14 10:46:04.584,59.346273,18.053392,6
04-12-14 10:46:05.584,59.346285,18.053378,6
04-12-14 10:46:06.584,59.346298,18.053365,6
04-12-14 10:46:07.584,59.346312,18.05335,7
04-12-14 10:46:08.584,59.346323,18.053332,7
04-12-14 10:46:09.584,59.346335,18.05331,6
04-12-14 10:46:10.584,59.346347,18.05329,7
04-12-14 10:46:11.584,59.346358,18.05327,6
04-12-14 10:46:12.584,59.346372,18.053252,7
04-12-14 10:46:13.584,59.346385,18.053232,7
04-12-14 10:46:14.583,59.3464,18.053213,6
04-12-14 10:46:15.583,59.346413,18.053197,6
04-12-14 10:46:16.583,59.346425,18.053178,6
04-12-14 10:46:17.583,59.346437,18.053162,6
04-12-14 10:46:18.583,59.346448,18.053145,6
04-12-14 10:46:19.583,59.34646,18.053133,6
04-12-14 10:46:20.583,59.346472,18.053125,5
04-12-14 10:46:21.583,59.34648,18.05312,4
04-12-14 10:46:22.583,59.346487,18.053122,4
04-12-14 10:46:23.583,59.346492,18.053133,5
04-12-14 10:46:24.583,59.346497,18.053153,6
04-12-14 10:46:25.583,59.3465,18.053177,6
04-12-14 10:46:26.583,59.346503,18.0532,6
04-12-14 10:46:27.583,59.346508,18.053225,6
04-12-14 10:46:28.582,59.346512,18.053248,6
04-12-14 10:46:29.582,59.346518,18.05327,5
04-12-14 10:46:30.582,59.346523,18.05329,6
04-12-14 10:46:31.582,59.346528,18.053313,6
04-12-14 10:46:32.582,59.346535,18.053337,6
04-12-14 10:46:33.582,59.346542,18.05336,7
04-12-14 10:46:34.582,59.346547,18.053385,6
04-12-14 10:46:35.582,59.346547,18.053415,7
04-12-14 10:46:36.582,59.346547,18.053443,6
04-12-14 10:46:37.582,59.346548,18.05347,6
04-12-14 10:46:38.582,59.346552,18.053497,6
04-12-14 10:46:39.582,59.346555,18.053523,6
04-12-14 10:46:40.582,59.346562,18.053548,6
04-12-14 10:46:41.582,59.346568,18.053572,6
04-12-14 10:46:42.581,59.346577,18.053597,6
04-12-14 10:46:43.581,59.346583,18.053623,6
04-12-14 10:46:44.581,59.346588,18.05365,6
04-12-14 10:46:45.581,59.346598,18.053677,6
04-12-14 10:46:46.581,59.346607,18.053702,6
04-12-14 10:46:47.581,59.346613,18.053728,6
04-12-14 10:46:48.581,59.34662,18.05375,5
04-12-14 10:46:49.581,59.346625,18.053768,4
04-12-14 10:46:50.581,59.346633,18.053782,4
04-12-14 10:46:51.581,59.346642,18.053798,4
04-12-14 10:46:52.581,59.346647,18.053818,5
04-12-14 10:46:53.581,59.346652,18.05384,4
04-12-14 10:46:54.581,59.346653,18.053853,2
04-12-14 10:46:55.581,59.346655,18.05386,1
04-12-14 10:46:56.580,59.346655,18.053863,1
04-12-14 10:46:57.580,59.346652,18.053863,1
04-12-14 10:46:58.580,59.346652,18.053865,1
04-12-14 10:46:59.580,59.346658,18.053873,3
04-12-14 10:47:00.580,59.346652,18.053872,3
04-12-14 10:47:01.580,59.346645,18.053875,4
04-12-14 10:47:02.580,59.346647,18.053878,4
04-12-14 10:47:03.580,59.346653,18.053885,5
04-12-14 10:47:04.580,59.346662,18.0539,5
04-12-14 10:47:05.580,59.346668,18.05392,5
04-12-14 10:47:06.580,59.346673,18.053942,5
04-12-14 10:47:07.580,59.346678,18.053963,5
04-12-14 10:47:08.580,59.346685,18.053985,5
04-12-14 10:47:09.579,59.34669,18.054008,5
04-12-14 10:47:10.579,59.346695,18.054035,6
04-12-14 10:47:11.579,59.346698,18.054062,6
04-12-14 10:47:12.579,59.346703,18.054088,5
04-12-14 10:47:13.579,59.34671,18.054117,5
04-12-14 10:47:14.579,59.346715,18.05415,5
04-12-14 10:47:15.579,59.34672,18.054185,5
04-12-14 10:47:16.579,59.346727,18.054218,5
04-12-14 10:47:17.579,59.346735,18.05425,5
04-12-14 10:47:18.579,59.346743,18.054278,5
04-12-14 10:47:19.579,59.34675,18.054307,5
04-12-14 10:47:20.579,59.346757,18.054332,6
04-12-14 10:47:21.579,59.346763,18.054353,5
04-12-14 10:47:22.579,59.34677,18.054372,4
04-12-14 10:47:23.578,59.346773,18.05438,2
04-12-14 10:47:24.578,59.346777,18.054383,1
04-12-14 10:47:25.578,59.346777,18.054382,0
04-12-14 10:47:26.578,59.346778,18.054373,0
04-12-14 10:47:27.578,59.34678,18.054362,0
04-12-14 10:47:28.578,59.346783,18.054347,0
04-12-14 10:47:29.578,59.346785,18.05433,0
04-12-14 10:47:30.578,59.34679,18.054308,0
04-12-14 10:47:31.578,59.346798,18.054285,0
04-12-14 10:47:32.578,59.346805,18.05426,0
04-12-14 10:47:33.578,59.346813,18.054238,0
04-12-14 10:47:34.578,59.34682,18.054217,0
04-12-14 10:47:35.578,59.346827,18.054203,0
04-12-14 10:47:36.578,59.34683,18.054198,0
04-12-14 10:47:37.577,59.346833,18.0542,1
04-12-14 10:47:38.577,59.346837,18.05421,3
04-12-14 10:47:39.577,59.34684,18.05423,4
04-12-14 10:47:40.577,59.346845,18.054255,5
04-12-14 10:47:41.577,59.34685,18.054283,6
04-12-14 10:47:42.577,59.346855,18.054313,6
04-12-14 10:47:43.577,59.34686,18.054345,6
04-12-14 10:47:44.577,59.346863,18.054378,6
04-12-14 10:47:45.577,59.346868,18.054412,6
04-12-14 10:47:46.577,59.346875,18.05444,6
04-12-14 10:47:47.577,59.346883,18.054467,6
04-12-14 10:47:48.577,59.346888,18.054493,6
04-12-14 10:47:49.577,59.346895,18.05452,6
04-12-14 10:47:50.576,59.3469,18.054547,6
04-12-14 10:47:51.576,59.346905,18.054577,6
04-12-14 10:47:52.576,59.346912,18.054603,6
04-12-14 10:47:53.576,59.346918,18.054628,6
04-12-14 10:47:54.576,59.346925,18.054652,6
04-12-14 10:47:55.576,59.346932,18.054678,6
04-12-14 10:47:56.576,59.346937,18.054705,6
04-12-14 10:47:57.576,59.34694,18.054733,6
04-12-14 10:47:58.576,59.346942,18.054763,6
04-12-14 10:47:59.576,59.346945,18.054793,6
04-12-14 10:48:00.576,59.34695,18.05482,6
04-12-14 10:48:01.576,59.346955,18.054843,6
04-12-14 10:48:02.576,59.346962,18.054867,6
04-12-14 10:48:03.576,59.346968,18.05489,6
04-12-14 10:48:04.575,59.346973,18.054917,6
04-12-14 10:48:05.575,59.346978,18.054945,6
04-12-14 10:48:06.575,59.346985,18.054972,6
04-12-14 10:48:07.575,59.34699,18.055002,6
04-12-14 10:48:08.575,59.346995,18.055033,6
04-12-14 10:48:09.575,59.346998,18.055065,6
04-12-14 10:48:10.575,59.347003,18.055095,6
04-12-14 10:48:11.575,59.347008,18.055125,6
04-12-14 10:48:12.575,59.34701,18.055157,6
04-12-14 10:48:13.575,59.347013,18.055188,6
04-12-14 10:48:14.575,59.347017,18.055218,6
04-12-14 10:48:15.575,59.347015,18.055247,5
04-12-14 10:48:16.575,59.347008,18.055277,6
04-12-14 10:48:17.575,59.346997,18.055303,6
04-12-14 10:48:18.574,59.346982,18.055328,6
04-12-14 10:48:19.574,59.346967,18.055353,6
04-12-14 10:48:20.574,59.346952,18.055377,6
04-12-14 10:48:21.574,59.346935,18.055397,6
04-12-14 10:48:22.574,59.346918,18.055412,6
04-12-14 10:48:23.574,59.346903,18.055428,6
04-12-14 10:48:24.574,59.346888,18.055447,7
04-12-14 10:48:25.574,59.346878,18.055473,6
04-12-14 10:48:26.574,59.346873,18.055502,6
04-12-14 10:48:27.574,59.346868,18.055532,6
04-12-14 10:48:28.574,59.346863,18.055562,6
04-12-14 10:48:29.574,59.346857,18.055587,6
04-12-14 10:48:30.574,59.346847,18.055607,6
04-12-14 10:48:31.573,59.346825,18.055617,9
04-12-14 10:48:32.573,59.346807,18.05563,6
04-12-14 10:48:33.573,59.34679,18.055643,7
04-12-14 10:48:34.573,59.346768,18.05565,7
04-12-14 10:48:35.573,59.346745,18.055662,7
04-12-14 10:48:36.573,59.346722,18.055672,7
04-12-14 10:48:37.573,59.346697,18.055682,7
04-12-14 10:48:38.573,59.346673,18.055692,7
04-12-14 10:48:39.573,59.346648,18.0557,8
04-12-14 10:48:40.573,59.346623,18.05571,8
04-12-14 10:48:41.573,59.346602,18.055718,6
04-12-14 10:48:42.573,59.346582,18.055727,7
04-12-14 10:48:43.573,59.346558,18.055733,8
04-12-14 10:48:44.573,59.346537,18.055747,8
04-12-14 10:48:45.572,59.346515,18.05576,8
04-12-14 10:48:46.572,59.346495,18.055775,8
04-12-14 10:48:47.572,59.346473,18.055788,8
04-12-14 10:48:48.572,59.346452,18.0558,8
04-12-14 10:48:49.572,59.346423,18.055812,9
04-12-14 10:48:50.572,59.3464,18.05583,8
04-12-14 10:48:51.572,59.346378,18.055848,8
04-12-14 10:48:52.572,59.346358,18.055862,8
04-12-14 10:48:53.572,59.346338,18.055877,7
04-12-14 10:48:54.572,59.346322,18.055893,7
04-12-14 10:48:55.572,59.346303,18.055907,7
04-12-14 10:48:56.572,59.346285,18.055922,7
04-12-14 10:48:57.572,59.346268,18.055945,6
04-12-14 10:48:58.571,59.346252,18.055968,7
04-12-14 10:48:59.571,59.34623,18.05598,7
04-12-14 10:49:00.571,59.346212,18.055993,7
04-12-14 10:49:01.571,59.346193,18.05601,7
04-12-14 10:49:02.571,59.346177,18.056028,7
04-12-14 10:49:03.571,59.346157,18.05605,7
04-12-14 10:49:04.571,59.346142,18.056062,6
04-12-14 10:49:05.571,59.346128,18.056088,6
04-12-14 10:49:06.571,59.346112,18.056105,7
04-12-14 10:49:07.571,59.346093,18.056115,7
04-12-14 10:49:08.571,59.346077,18.056127,6
04-12-14 10:49:09.571,59.34606,18.056128,6
04-12-14 10:49:10.571,59.346042,18.056128,7
04-12-14 10:49:11.571,59.346025,18.056143,7
04-12-14 10:49:12.570,59.346008,18.056157,7
04-12-14 10:49:13.570,59.345992,18.056175,7
04-12-14 10:49:14.570,59.345978,18.05619,7
04-12-14 10:49:15.570,59.345962,18.056197,6
04-12-14 10:49:16.570,59.345948,18.05621,6
04-12-14 10:49:17.570,59.345937,18.056228,6
04-12-14 10:49:18.570,59.345922,18.05624,6
04-12-14 10:49:19.570,59.345915,18.056258,6
04-12-14 10:49:20.570,59.345903,18.056277,5
04-12-14 10:49:21.570,59.345893,18.056298,4
04-12-14 10:49:22.570,59.345887,18.056325,4
04-12-14 10:49:23.570,59.345878,18.056352,5
04-12-14 10:49:24.570,59.345868,18.056378,5
04-12-14 10:49:25.570,59.345857,18.056407,6
04-12-14 10:49:26.569,59.345847,18.056435,6
04-12-14 10:49:27.569,59.345838,18.056462,5
04-12-14 10:49:28.569,59.345828,18.056488,5
04-12-14 10:49:29.569,59.345817,18.05651,6
04-12-14 10:49:30.569,59.345808,18.056533,6
04-12-14 10:49:31.569,59.345797,18.056548,6
04-12-14 10:49:32.569,59.345785,18.056562,6
04-12-14 10:49:33.569,59.345772,18.056575,6
04-12-14 10:49:34.569,59.345757,18.056585,6
04-12-14 10:49:35.569,59.345743,18.056588,6
04-12-14 10:49:36.569,59.345727,18.056593,6
04-12-14 10:49:37.569,59.345712,18.0566,6
04-12-14 10:49:38.569,59.345693,18.056605,6
04-12-14 10:49:39.568,59.345677,18.056612,6
04-12-14 10:49:40.568,59.345663,18.056618,6
04-12-14 10:49:41.568,59.345648,18.056625,6
04-12-14 10:49:42.568,59.345632,18.05663,6
04-12-14 10:49:43.568,59.345613,18.056635,6
04-12-14 10:49:44.568,59.345602,18.056648,6
04-12-14 10:49:45.568,59.345585,18.056662,7
04-12-14 10:49:46.568,59.345568,18.05667,6
04-12-14 10:49:47.568,59.34555,18.056677,6
04-12-14 10:49:48.568,59.345537,18.056687,6
04-12-14 10:49:49.568,59.345522,18.056697,6
04-12-14 10:49:50.568,59.345508,18.05671,6
04-12-14 10:49:51.568,59.3455,18.056738,5
04-12-14 10:49:52.568,59.345485,18.056752,6
04-12-14 10:49:53.567,59.34547,18.056768,6
04-12-14 10:49:54.567,59.345445,18.056787,6
04-12-14 10:49:55.567,59.34543,18.0568,7
04-12-14 10:49:56.567,59.34541,18.056813,7
04-12-14 10:49:57.567,59.34539,18.05682,7
04-12-14 10:49:58.567,59.34537,18.056825,7
04-12-14 10:49:59.567,59.34535,18.056833,7
04-12-14 10:50:00.567,59.345332,18.056842,7
04-12-14 10:50:01.567,59.345312,18.056848,7
04-12-14 10:50:02.567,59.345295,18.056858,6
04-12-14 10:50:03.567,59.345282,18.056868,7
04-12-14 10:50:04.567,59.345268,18.056878,7
04-12-14 10:50:05.567,59.345253,18.05689,7
04-12-14 10:50:06.566,59.345242,18.056905,6
04-12-14 10:50:07.566,59.345228,18.056915,6
04-12-14 10:50:08.566,59.345213,18.056923,6
04-12-14 10:50:09.566,59.345198,18.056927,7
04-12-14 10:50:10.566,59.345173,18.056912,9
04-12-14 10:50:11.566,59.345162,18.056912,6
04-12-14 10:50:12.566,59.345152,18.05692,6
04-12-14 10:50:13.566,59.345138,18.056923,6
04-12-14 10:50:14.566,59.345127,18.056925,6
04-12-14 10:50:15.566,59.345112,18.056925,7
04-12-14 10:50:16.566,59.345118,18.056938,6
04-12-14 10:50:17.566,59.34511,18.056953,6
04-12-14 10:50:18.566,59.345117,18.056967,6
04-12-14 10:50:19.566,59.34511,18.056978,6
04-12-14 10:50:20.565,59.345097,18.056993,6
04-12-14 10:50:21.565,59.34509,18.057003,6
04-12-14 10:50:22.565,59.345083,18.057018,6
04-12-14 10:50:23.565,59.345072,18.057033,6
04-12-14 10:50:24.565,59.34506,18.057048,6
04-12-14 10:50:25.565,59.345048,18.057062,6
04-12-14 10:50:26.565,59.345035,18.057075,6
04-12-14 10:50:27.565,59.345027,18.057083,6
04-12-14 10:50:28.565,59.34502,18.057103,5
04-12-14 10:50:29.565,59.345012,18.057125,6
04-12-14 10:50:30.565,59.345002,18.057145,6
04-12-14 10:50:31.565,59.345008,18.057167,6
04-12-14 10:50:32.565,59.345025,18.057192,6
04-12-14 10:50:33.564,59.345043,18.057213,6
04-12-14 10:50:34.564,59.345057,18.057233,6
04-12-14 10:50:35.564,59.345082,18.057252,5
04-12-14 10:50:36.564,59.3451,18.057268,5
04-12-14 10:50:37.564,59.345117,18.05727,4
04-12-14 10:50:38.564,59.345132,18.057268,4
04-12-14 10:50:39.564,59.345145,18.057272,4
04-12-14 10:50:40.564,59.345155,18.057275,3
04-12-14 10:50:41.564,59.34516,18.05728,5
04-12-14 10:50:42.564,59.345157,18.057282,6
04-12-14 10:50:43.564,59.345148,18.057278,5
04-12-14 10:50:44.564,59.345142,18.057282,4
04-12-14 10:50:45.564,59.345135,18.057288,5
04-12-14 10:50:46.564,59.345127,18.05729,5
04-12-14 10:50:47.563,59.345117,18.057295,5
04-12-14 10:50:48.563,59.345108,18.057305,5
04-12-14 10:50:49.563,59.345098,18.05732,5
04-12-14 10:50:50.563,59.345072,18.057295,5
04-12-14 10:50:51.563,59.345062,18.057305,4
04-12-14 10:50:52.563,59.345042,18.057297,6
04-12-14 10:50:53.563,59.345027,18.0573,5
04-12-14 10:50:54.563,59.345017,18.05731,4
04-12-14 10:50:55.563,59.345007,18.057318,5
04-12-14 10:50:56.563,59.344992,18.057323,5
04-12-14 10:50:57.563,59.344978,18.057327,5
04-12-14 10:50:58.563,59.34496,18.057323,5
04-12-14 10:50:59.563,59.34494,18.057325,5
04-12-14 10:51:00.562,59.34492,18.05733,6
04-12-14 10:51:01.562,59.344907,18.057343,5
04-12-14 10:51:02.562,59.344895,18.057358,5
04-12-14 10:51:03.562,59.344885,18.05737,5
04-12-14 10:51:04.562,59.344873,18.057375,5
04-12-14 10:51:05.562,59.344857,18.057375,5
04-12-14 10:51:06.562,59.344837,18.057385,6
04-12-14 10:51:07.562,59.344818,18.057398,6
04-12-14 10:51:08.562,59.344795,18.057412,6
04-12-14 10:51:09.562,59.344778,18.057425,6
04-12-14 10:51:10.562,59.344753,18.05743,6
04-12-14 10:51:11.562,59.344732,18.057438,6
04-12-14 10:51:12.562,59.344715,18.057447,7
04-12-14 10:51:13.562,59.344695,18.057448,6
04-12-14 10:51:14.561,59.344678,18.057457,6
04-12-14 10:51:15.561,59.344663,18.057468,6
04-12-14 10:51:16.561,59.344648,18.05748,6
04-12-14 10:51:17.561,59.344635,18.05749,6
04-12-14 10:51:18.561,59.344618,18.057513,6
04-12-14 10:51:19.561,59.344592,18.05752,6
04-12-14 10:51:20.561,59.344575,18.05754,6
04-12-14 10:51:21.561,59.344548,18.057602,6
04-12-14 10:51:22.561,59.344533,18.057642,6
04-12-14 10:51:23.561,59.34455,18.057677,5
04-12-14 10:51:24.561,59.34454,18.057685,5
04-12-14 10:51:25.561,59.34453,18.05769,6
04-12-14 10:51:26.561,59.34452,18.057675,7
04-12-14 10:51:27.560,59.344512,18.057645,10
04-12-14 10:51:28.560,59.344507,18.057608,10
04-12-14 10:51:29.560,59.344507,18.057573,7
04-12-14 10:51:30.560,59.344513,18.057547,5
04-12-14 10:51:31.560,59.344523,18.057523,5
04-12-14 10:51:32.560,59.344532,18.057498,6
04-12-14 10:51:33.560,59.344538,18.05747,6
04-12-14 10:51:34.560,59.344545,18.057443,5
04-12-14 10:51:35.560,59.344552,18.057417,5
04-12-14 10:51:36.560,59.344555,18.05739,5
04-12-14 10:51:37.560,59.344557,18.057363,5
04-12-14 10:51:38.560,59.344553,18.057343,5
04-12-14 10:51:39.560,59.344553,18.057323,5
04-12-14 10:51:40.560,59.344552,18.057303,5
04-12-14 10:51:41.559,59.344547,18.057282,6
04-12-14 10:51:42.559,59.344542,18.05726,4
04-12-14 10:51:43.559,59.34454,18.057242,3
04-12-14 10:51:44.559,59.344538,18.057222,5
04-12-14 10:51:45.559,59.344533,18.0572,5
04-12-14 10:51:46.559,59.34453,18.057178,5
04-12-14 10:51:47.559,59.344525,18.05715,6
04-12-14 10:51:48.559,59.344522,18.05712,6
04-12-14 10:51:49.559,59.344517,18.057092,5
04-12-14 10:51:50.559,59.34451,18.057067,5
04-12-14 10:51:51.559,59.344502,18.05704,6
04-12-14 10:51:52.559,59.344493,18.057013,5
04-12-14 10:51:53.559,59.344487,18.056987,6
04-12-14 10:51:54.558,59.344483,18.056958,5
04-12-14 10:51:55.558,59.344478,18.056932,6
04-12-14 10:51:56.558,59.344472,18.056907,5
04-12-14 10:51:57.558,59.344467,18.056883,5
04-12-14 10:51:58.558,59.34446,18.05686,5
04-12-14 10:51:59.558,59.344455,18.056837,5
04-12-14 10:52:00.558,59.344447,18.056812,6
04-12-14 10:52:01.558,59.34444,18.056787,5
04-12-14 10:52:02.558,59.34443,18.056765,6
04-12-14 10:52:03.558,59.344425,18.05674,4
04-12-14 10:52:04.558,59.34442,18.056715,5
04-12-14 10:52:05.558,59.344415,18.056687,6
04-12-14 10:52:06.558,59.344408,18.056657,5
04-12-14 10:52:07.558,59.344403,18.056627,6
04-12-14 10:52:08.557,59.344398,18.056597,5
04-12-14 10:52:09.557,59.344395,18.05657,6
04-12-14 10:52:10.557,59.34439,18.056543,5
04-12-14 10:52:11.557,59.344385,18.056518,6
04-12-14 10:52:12.557,59.344383,18.05649,5
04-12-14 10:52:13.557,59.344382,18.056463,5
04-12-14 10:52:14.557,59.344378,18.056433,5
04-12-14 10:52:15.557,59.344378,18.056403,5
04-12-14 10:52:16.557,59.34438,18.05637,5
04-12-14 10:52:17.557,59.34438,18.056337,5
04-12-14 10:52:18.557,59.34438,18.056307,5
04-12-14 10:52:19.557,59.344377,18.056283,4
04-12-14 10:52:20.557,59.344373,18.05626,4
04-12-14 10:52:21.556,59.344368,18.056233,5
04-12-14 10:52:22.556,59.344363,18.056203,5
04-12-14 10:52:23.556,59.344358,18.056177,4
04-12-14 10:52:24.556,59.344355,18.056152,4
04-12-14 10:52:25.556,59.344357,18.056127,3
04-12-14 10:52:26.556,59.344353,18.056105,5
04-12-14 10:52:27.556,59.344347,18.056078,6
04-12-14 10:52:28.556,59.34434,18.056048,5
04-12-14 10:52:29.556,59.344333,18.056018,5
04-12-14 10:52:30.556,59.344328,18.055987,5
04-12-14 10:52:31.556,59.344323,18.05596,4
04-12-14 10:52:32.556,59.344315,18.055937,5
04-12-14 10:52:33.556,59.344303,18.055912,6
04-12-14 10:52:34.555,59.344293,18.05588,6
04-12-14 10:52:35.555,59.344287,18.055848,6
04-12-14 10:52:36.555,59.34428,18.05582,5
04-12-14 10:52:37.555,59.344273,18.055793,6
04-12-14 10:52:38.555,59.344265,18.055767,6
04-12-14 10:52:39.555,59.344257,18.05574,6
04-12-14 10:52:40.555,59.34425,18.05571,6
04-12-14 10:52:41.555,59.344247,18.055683,5
04-12-14 10:52:42.555,59.344238,18.055662,5
04-12-14 10:52:43.555,59.344228,18.055645,5
04-12-14 10:52:44.555,59.344217,18.055635,4
04-12-14 10:52:45.555,59.344208,18.055638,2
04-12-14 10:52:46.555,59.3442,18.055647,0
04-12-14 10:52:47.555,59.344193,18.055653,0
04-12-14 10:52:48.554,59.344188,18.05566,0
04-12-14 10:52:49.554,59.344182,18.05567,0
04-12-14 10:52:50.554,59.344177,18.05568,0
04-12-14 10:52:51.554,59.344172,18.05569,0
04-12-14 10:52:52.554,59.344168,18.0557,0
04-12-14 10:52:53.554,59.344167,18.05571,0
04-12-14 10:52:54.554,59.344163,18.055722,0
04-12-14 10:52:55.554,59.34416,18.05573,0
04-12-14 10:52:56.554,59.344157,18.055737,0
04-12-14 10:52:57.554,59.34415,18.055737,0
04-12-14 10:52:58.554,59.344143,18.055733,0
04-12-14 10:52:59.554,59.344135,18.055728,0
04-12-14 10:53:00.554,59.344127,18.055723,0
04-12-14 10:53:01.553,59.34412,18.055723,0
04-12-14 10:53:02.553,59.344115,18.055727,0
04-12-14 10:53:03.553,59.344115,18.055733,0
04-12-14 10:53:04.553,59.344115,18.05574,0
04-12-14 10:53:05.553,59.34412,18.055747,0
04-12-14 10:53:06.553,59.344125,18.055755,0
04-12-14 10:53:07.553,59.34413,18.055767,0
04-12-14 10:53:08.553,59.344135,18.055773,0
04-12-14 10:53:09.553,59.344138,18.055782,0
04-12-14 10:53:10.553,59.344143,18.055787,0
04-12-14 10:53:11.553,59.344147,18.055788,0
04-12-14 10:53:12.553,59.344147,18.055788,0
04-12-14 10:53:13.553,59.344145,18.055792,0
04-12-14 10:53:14.553,59.344143,18.055792,0
04-12-14 10:53:15.552,59.344135,18.055783,0
04-12-14 10:53:16.552,59.344128,18.055777,1
04-12-14 10:53:17.552,59.344118,18.055775,3
04-12-14 10:53:18.552,59.344107,18.055775,5
04-12-14 10:53:19.552,59.344093,18.055783,5
04-12-14 10:53:20.552,59.344083,18.055797,5
04-12-14 10:53:21.552,59.344072,18.055808,5
04-12-14 10:53:22.552,59.344063,18.055817,5
04-12-14 10:53:23.552,59.344057,18.055828,5
04-12-14 10:53:24.552,59.34405,18.055843,5
04-12-14 10:53:25.552,59.344045,18.055858,5
04-12-14 10:53:26.552,59.344038,18.05587,5
04-12-14 10:53:27.552,59.344032,18.055875,5
04-12-14 10:53:28.551,59.344023,18.055875,5
04-12-14 10:53:29.551,59.344015,18.055872,4
04-12-14 10:53:30.551,59.34401,18.055862,4
04-12-14 10:53:31.551,59.344005,18.05584,5
04-12-14 10:53:32.551,59.344,18.055815,6
04-12-14 10:53:33.551,59.343992,18.05579,6
04-12-14 10:53:34.551,59.34398,18.055767,6
04-12-14 10:53:35.551,59.343967,18.055753,6
04-12-14 10:53:36.551,59.343952,18.055748,6
04-12-14 10:53:37.551,59.343938,18.055752,5
04-12-14 10:53:38.551,59.343925,18.055762,6
04-12-14 10:53:39.551,59.34391,18.055777,6
04-12-14 10:53:40.551,59.343895,18.055793,6
04-12-14 10:53:41.550,59.34388,18.055808,6
04-12-14 10:53:42.550,59.343865,18.055825,5
04-12-14 10:53:43.550,59.343852,18.055842,6
04-12-14 10:53:44.550,59.343837,18.055855,6
04-12-14 10:53:45.550,59.34382,18.055865,6
04-12-14 10:53:46.550,59.343802,18.055873,6
04-12-14 10:53:47.550,59.343785,18.055883,6
04-12-14 10:53:48.550,59.343768,18.05589,5
04-12-14 10:53:49.550,59.343753,18.055897,6
04-12-14 10:53:50.550,59.343735,18.055905,7
04-12-14 10:53:51.550,59.343717,18.055918,6
04-12-14 10:53:52.550,59.343702,18.055933,6
04-12-14 10:53:53.550,59.343688,18.055948,6
04-12-14 10:53:54.550,59.343673,18.055967,6
04-12-14 10:53:55.549,59.34366,18.055987,6
04-12-14 10:53:56.549,59.343648,18.056007,5
04-12-14 10:53:57.549,59.343637,18.056028,5
04-12-14 10:53:58.549,59.343627,18.056047,5
04-12-14 10:53:59.549,59.343613,18.056065,6
04-12-14 10:54:00.549,59.343598,18.056085,5
04-12-14 10:54:01.549,59.343587,18.056107,6
04-12-14 10:54:02.549,59.343573,18.056135,6
04-12-14 10:54:03.549,59.343562,18.05616,5
04-12-14 10:54:04.549,59.34355,18.05618,5
04-12-14 10:54:05.549,59.343538,18.056198,5
04-12-14 10:54:06.549,59.343525,18.056213,6
04-12-14 10:54:07.549,59.34351,18.056223,6
04-12-14 10:54:08.548,59.343497,18.056232,6
04-12-14 10:54:09.548,59.343483,18.056243,6
04-12-14 10:54:10.548,59.343472,18.05626,6
04-12-14 10:54:11.548,59.343458,18.056278,6
04-12-14 10:54:12.548,59.343445,18.056292,6
04-12-14 10:54:13.548,59.343432,18.056302,5
04-12-14 10:54:14.548,59.343417,18.056312,5
04-12-14 10:54:15.548,59.343403,18.05632,5
04-12-14 10:54:16.548,59.343388,18.05633,6
04-12-14 10:54:17.548,59.343375,18.05634,5
04-12-14 10:54:18.548,59.343362,18.056352,6
04-12-14 10:54:19.548,59.343348,18.056362,6
04-12-14 10:54:20.548,59.343333,18.05637,6
04-12-14 10:54:21.547,59.343318,18.056375,6
04-12-14 10:54:22.547,59.343305,18.056383,6
04-12-14 10:54:23.547,59.34329,18.056393,6
04-12-14 10:54:24.547,59.343277,18.056405,6
04-12-14 10:54:25.547,59.343263,18.056417,6
04-12-14 10:54:26.547,59.343248,18.056428,6
04-12-14 10:54:27.547,59.343235,18.056442,6
04-12-14 10:54:28.547,59.343222,18.056457,6
04-12-14 10:54:29.547,59.343208,18.056472,6
04-12-14 10:54:30.547,59.343193,18.056483,6
04-12-14 10:54:31.547,59.34318,18.056497,6
04-12-14 10:54:32.547,59.343167,18.056512,6
04-12-14 10:54:33.547,59.343155,18.056527,6
04-12-14 10:54:34.547,59.343142,18.05654,6
04-12-14 10:54:35.546,59.343128,18.056552,6
04-12-14 10:54:36.546,59.343115,18.056565,6
04-12-14 10:54:37.546,59.343102,18.056577,5
04-12-14 10:54:38.546,59.34309,18.056593,5
04-12-14 10:54:39.546,59.343078,18.05661,5
04-12-14 10:54:40.546,59.343067,18.056628,6
04-12-14 10:54:41.546,59.343052,18.056647,6
04-12-14 10:54:42.546,59.343038,18.056663,5
04-12-14 10:54:43.546,59.343025,18.056677,5
04-12-14 10:54:44.546,59.343012,18.056692,6
04-12-14 10:54:45.546,59.342998,18.05671,6
04-12-14 10:54:46.546,59.342983,18.056723,5
04-12-14 10:54:47.546,59.34297,18.056735,5
04-12-14 10:54:48.545,59.342952,18.056733,5
04-12-14 10:54:49.545,59.342937,18.056733,5
04-12-14 10:54:50.545,59.342923,18.056738,5
04-12-14 10:54:51.545,59.342908,18.056748,6
04-12-14 10:54:52.545,59.342893,18.056758,6
04-12-14 10:54:53.545,59.34288,18.05677,6
04-12-14 10:54:54.545,59.342867,18.056783,5
04-12-14 10:54:55.545,59.342855,18.056797,5
04-12-14 10:54:56.545,59.342842,18.056808,5
04-12-14 10:54:57.545,59.342828,18.05682,5
04-12-14 10:54:58.545,59.342815,18.056832,6
04-12-14 10:54:59.545,59.342802,18.056842,6
04-12-14 10:55:00.545,59.342788,18.056848,6
04-12-14 10:55:01.544,59.342775,18.056858,6
04-12-14 10:55:02.544,59.342763,18.05687,5
04-12-14 10:55:03.544,59.34275,18.056882,5
04-12-14 10:55:04.544,59.342738,18.056892,5
04-12-14 10:55:05.544,59.342725,18.056903,6
04-12-14 10:55:06.544,59.34271,18.056913,6
04-12-14 10:55:07.544,59.342697,18.056923,6
04-12-14 10:55:08.544,59.342683,18.056937,5
04-12-14 10:55:09.544,59.34267,18.056948,6
04-12-14 10:55:10.544,59.342657,18.056957,6
04-12-14 10:55:11.544,59.342642,18.056967,6
04-12-14 10:55:12.544,59.342628,18.056977,5
04-12-14 10:55:13.544,59.342617,18.056985,5
04-12-14 10:55:14.544,59.342605,18.056992,5
04-12-14 10:55:15.543,59.342595,18.057,4
04-12-14 10:55:16.543,59.342587,18.057005,4
04-12-14 10:55:17.543,59.34258,18.057008,2
04-12-14 10:55:18.543,59.342577,18.05701,1
04-12-14 10:55:19.543,59.342573,18.057012,3
04-12-14 10:55:20.543,59.342565,18.057015,4
04-12-14 10:55:21.543,59.342557,18.05702,4
04-12-14 10:55:22.543,59.342548,18.057032,5
04-12-14 10:55:23.543,59.342537,18.057043,4
04-12-14 10:55:24.543,59.342527,18.057057,4
04-12-14 10:55:25.543,59.342517,18.057072,4
04-12-14 10:55:26.543,59.342507,18.057085,4
04-12-14 10:55:27.543,59.342497,18.057098,4
04-12-14 10:55:28.542,59.342487,18.05711,5
04-12-14 10:55:29.542,59.342475,18.057123,5
04-12-14 10:55:30.542,59.342465,18.057137,4
04-12-14 10:55:31.542,59.342458,18.057155,4
04-12-14 10:55:32.542,59.342453,18.057177,4
04-12-14 10:55:33.542,59.342453,18.057195,3
04-12-14 10:55:34.542,59.342457,18.05721,4
04-12-14 10:55:35.542,59.34246,18.057225,4
04-12-14 10:55:36.542,59.342463,18.057242,4
04-12-14 10:55:37.542,59.342468,18.057255,4
04-12-14 10:55:38.542,59.342477,18.057268,4
04-12-14 10:55:39.542,59.342487,18.057283,5
04-12-14 10:55:40.542,59.342498,18.0573,6
